CASRN,Chemical Name,De Minimis,Category Description,Category Member,Additional Information
71751-41-2,Abamectin,1.0,,,
30560-19-1,Acephate,1.0,,,
75-07-0,Acetaldehyde,0.1,,,
60-35-5,Acetamide,0.1,,,
75-05-8,Acetonitrile,1.0,,,
98-86-2,Acetophenone,1.0,,,
53-96-3,2-Acetylaminofluorene,0.1,,,
62476-59-9,"Acifluorfen, sodium salt",1.0,,,
107-02-8,Acrolein,0.1,,,
79-06-1,Acrylamide,0.1,,,
79-10-7,Acrylic acid,1.0,,,
107-13-1,Acrylonitrile,0.1,,,
15972-60-8,Alachlor,1.0,,,
116-06-3,Aldicarb,1.0,,,
309-00-2,Aldrin,*,,,
28434-00-6,d-trans-Allethrin,1.0,,,
107-18-6,Allyl alcohol,1.0,,,
107-11-9,Allylamine,1.0,,,
107-05-1,Allyl chloride,1.0,,,
7429-90-5,Aluminum (fume or dust),1.0,,,Chemical qualifier: Reportable only in a fume or dust form.
1344-28-1,Aluminum oxide (fibrous forms) (Alumina) ,1.0,,,Chemical qualifier: Reportable only in a fibrous form.
20859-73-8,Aluminum phosphide,1.0,,,
834-12-8,Ametryn,1.0,,,
117-79-3,2-Aminoanthraquinone,0.1,,,
60-09-3,4-Aminoazobenzene,0.1,,,
92-67-1,4-Aminobiphenyl,0.1,,,
81-49-2,"1-Amino-2,4-dibromoanthraquinone",0.1,,,
82-28-0,1-Amino-2-methylanthraquinone,0.1,,,
33089-61-1,Amitraz,1.0,,,
61-82-5,Amitrole,0.1,,,
7664-41-7,Ammonia (includes anhydrous ammonia and aqueous ammonia from water dissociable ammonium salts and other sources; 10 percent of total aqueous ammonia is reportable under this listing),1.0,,,Chemical qualifer: 10% of the aqueous form is reportable. 100% of the anhydrous form is reportable.  
101-05-3,Anilazine,1.0,,,
62-53-3,Aniline,0.1,,,
90-04-0,o-Anisidine,0.1,,,
104-94-9,p-Anisidine,1.0,,,
134-29-2,o-Anisidine hydrochloride,0.1,,,
120-12-7,Anthracene,0.1,,,
7440-36-0,Antimony,1.0,,,
7440-38-2,Arsenic,0.1,,,
1332-21-4,Asbestos (friable),0.1,,,Chemical qualifier: Reportable only in a friable form.
1912-24-9,Atrazine,1.0,,,
7440-39-3,Barium,1.0,,,
22781-23-3,Bendiocarb,1.0,,,
1861-40-1,Benfluralin,1.0,,,
17804-35-2,Benomyl,1.0,,,
98-87-3,Benzal chloride,1.0,,,
55-21-0,Benzamide,1.0,,,
71-43-2,Benzene,0.1,,,
92-87-5,Benzidine,0.1,,,
98-07-7,Benzoic trichloride (Benzotrichloride),0.1,,,
191-24-2,"Benzo[g,h,i]perylene",*,,,
98-88-4,Benzoyl chloride,1.0,,,
94-36-0,Benzoyl peroxide,1.0,,,
100-44-7,Benzyl chloride,1.0,,,
7440-41-7,Beryllium,0.1,,,
82657-04-3,Bifenthrin,1.0,,,
92-52-4,Biphenyl,1.0,,,
3296-90-0,"2,2-Bis(bromomethyl)-1,3-propanediol",0.1,,,
111-91-1,Bis(2-chloroethoxy)methane,1.0,,,
111-44-4,Bis(2-chloroethyl) ether,1.0,,,
542-88-1,Bis(chloromethyl) ether,0.1,,,
108-60-1,Bis(2-chloro-1-methylethyl) ether,1.0,,,
56-35-9,Bis(tributyltin) oxide,1.0,,,
10294-34-5,Boron trichloride,1.0,,,
7637-07-2,Boron trifluoride,1.0,,,
314-40-9,Bromacil,1.0,,,
53404-19-6,"Bromacil, lithium salt",1.0,,,
7726-95-6,Bromine,1.0,,,
35691-65-7,"1-Bromo-1-(bromomethyl)-1,3-propanedicarbonitrile",1.0,,,
353-59-3,Bromochlorodifluoromethane (Halon 1211),1.0,,,
75-25-2,Bromoform (Tribromomethane),1.0,,,
74-83-9,Bromomethane (Methyl bromide),1.0,,,
106-94-5,1-Bromopropane,0.1,,,
75-63-8,Bromotrifluoromethane (Halon 1301),1.0,,,
1689-84-5,Bromoxynil,1.0,,,
1689-99-2,Bromoxynil octanoate,1.0,,,
357-57-3,Brucine,1.0,,,
106-99-0,"1,3-Butadiene",0.1,,,
141-32-2,Butyl acrylate,1.0,,,
71-36-3,n-Butyl alcohol (1-Butanol),1.0,,,
78-92-2,sec-Butyl alcohol (2-Butanol),1.0,,,
75-65-0,tert-Butyl alcohol (tert-Butanol),1.0,,,
106-88-7,"1,2-Butylene oxide",0.1,,,
123-72-8,Butyraldehyde,1.0,,,
4680-78-8,C.I. Acid Green 3,1.0,,,
6459-94-5,C.I. Acid Red 114,0.1,,,
569-64-2,C.I. Basic Green 4 (Malachite green),1.0,,,
989-38-8,C.I. Basic Red 1,1.0,,,
1937-37-7,C.I. Direct Black 38,0.1,,,
2602-46-2,C.I. Direct Blue 6,0.1,,,
28407-37-6,C.I. Direct Blue 218,0.1,,,
16071-86-6,C.I. Direct Brown 95,0.1,,,
2832-40-8,C.I. Disperse Yellow 3,1.0,,,
3761-53-3,C.I. Food Red 5,0.1,,,
81-88-9,C.I. Food Red 15 (Rhodamine B),1.0,,,
3118-97-6,C.I. Solvent Orange 7,1.0,,,
97-56-3,C.I. Solvent Yellow 3,0.1,,,
842-07-9,C.I. Solvent Yellow 14,1.0,,,
492-80-8,C.I. Solvent Yellow 34 (Auramine),0.1,,,
128-66-5,C.I. Vat Yellow 4,1.0,,,
7440-43-9,Cadmium,0.1,,,
156-62-7,Calcium cyanamide,1.0,,,
133-06-2,Captan,1.0,,,
63-25-2,Carbaryl,1.0,,,
1563-66-2,Carbofuran,1.0,,,
75-15-0,Carbon disulfide,1.0,,,
56-23-5,Carbon tetrachloride,0.1,,,
463-58-1,Carbonyl sulfide,1.0,,,
5234-68-4,Carboxin,1.0,,,
120-80-9,Catechol,0.1,,,
2439-01-2,Chinomethionate,1.0,,,
133-90-4,Chloramben,1.0,,,
57-74-9,Chlordane,*,,,
115-28-6,Chlorendic acid,0.1,,,
90982-32-4,Chlorimuron-ethyl,1.0,,,
7782-50-5,Chlorine,1.0,,,
10049-04-4,Chlorine dioxide,1.0,,,
79-11-8,Chloroacetic acid,1.0,,,
532-27-4,2-Chloroacetophenone,1.0,,,
4080-31-3,"1-(3-Chloroallyl)-3,5,7-triaza-1-azoniaadamantane chloride",1.0,,,
106-47-8,p-Chloroaniline,0.1,,,
108-90-7,Chlorobenzene,1.0,,,
510-15-6,Chlorobenzilate,1.0,,,
75-68-3,"1-Chloro-1,1-difluoroethane (HCFC-142b)",1.0,,,
75-45-6,Chlorodifluoromethane (HCFC-22),1.0,,,
75-00-3,Chloroethane,1.0,,,
67-66-3,Chloroform,0.1,,,
74-87-3,Chloromethane,1.0,,,
107-30-2,Chloromethyl methyl ether,0.1,,,
563-47-3,3-Chloro-2-methyl-1-propene,0.1,,,
104-12-1,p-Chlorophenyl isocyanate,1.0,,,
76-06-2,Chloropicrin,1.0,,,
126-99-8,Chloroprene,0.1,,,
542-76-7,3-Chloropropionitrile,1.0,,,
63938-10-3,Chlorotetrafluoroethane,1.0,,,
354-25-6,"1-Chloro-1,1,2,2-tetrafluoroethane (HCFC-124a)",1.0,,,
2837-89-0,"2-Chloro-1,1,1,2-tetrafluoroethane (HCFC-124)",1.0,,,
1897-45-6,Chlorothalonil,0.1,,,
95-69-2,p-Chloro-o-toluidine (4-Chloro-2-methylaniline),0.1,,,
75-88-7,"2-Chloro-1,1,1-trifluoroethane (HCFC-133a)",1.0,,,
75-72-9,Chlorotrifluoromethane (CFC-13),1.0,,,
460-35-5,"3-Chloro-1,1,1-trifluoropropane (HCFC-253fb)",1.0,,,
5598-13-0,Chlorpyrifos-methyl,1.0,,,
64902-72-3,Chlorsulfuron,1.0,,,
7440-47-3,Chromium,1.0,,,
7440-48-4,Cobalt,0.1,,,
7440-50-8,Copper,1.0,,,
8001-58-9,Creosote,0.1,,,
120-71-8,p-Cresidine,0.1,,,
108-39-4,m-Cresol,1.0,,,Isomer of: Cresol (mixed isomers) (1319-77-3)
95-48-7,o-Cresol,1.0,,,Isomer of: Cresol (mixed isomers) (1319-77-3)
106-44-5,p-Cresol,1.0,,,Isomer of: Cresol (mixed isomers) (1319-77-3)
1319-77-3,Cresol (mixed isomers),1.0,,,"Includes the following isomers: 
ź o-Cresol (95-48-7)
ź p-Cresol (106-44-5)
ź m-Cresol (108-39-4)"
4170-30-3,Crotonaldehyde,1.0,,,
98-82-8,Cumene,0.1,,,
80-15-9,Cumene hydroperoxide,1.0,,,
135-20-6,Cupferron,0.1,,,
21725-46-2,Cyanazine,1.0,,,
1134-23-2,Cycloate,1.0,,,
110-82-7,Cyclohexane,1.0,,,
108-93-0,Cyclohexanol,1.0,,,
68359-37-5,Cyfluthrin,1.0,,,
68085-85-8,Cyhalothrin,1.0,,,
94-75-7,"2,4-D",0.1,,,
533-74-4,Dazomet,1.0,,,
53404-60-7,"Dazomet, sodium salt",1.0,,,
94-82-6,"2,4-DB",1.0,,,
1929-73-3,"2,4-D 2-butoxyethyl ester",0.1,,,
94-80-4,"2,4-D butyl ester",0.1,,,
2971-38-2,"2,4-D chlorocrotyl ester",0.1,,,
1163-19-5,Decabromodiphenyl oxide,1.0,,,
13684-56-5,Desmedipham,1.0,,,
1928-43-4,"2,4-D 2-ethylhexyl ester",0.1,,,
53404-37-8,"2,4-D 2-ethyl-4-methylpentyl ester",0.1,,,
2303-16-4,Diallate,1.0,,,
615-05-4,"2,4-Diaminoanisole",0.1,,,
39156-41-7,"2,4-Diaminoanisole sulfate",0.1,,,
101-80-4,"4,4'-Diaminodiphenyl ether",0.1,,,
95-80-7,"2,4-Diaminotoluene (2,4-Toluenediamine)",0.1,,,Isomer of: Diaminotoluene (mixed isomers) (Toluenediamine) (25376-45-8)
25376-45-8,Diaminotoluene (mixed isomers) (Toluenediamine),0.1,,,"Includes the following isomer:
ź 2,4-Diaminotoluene (2,4-Toluenediamine) (95-80-7)"
333-41-5,Diazinon,0.1,,,
334-88-3,Diazomethane,1.0,,,
132-64-9,Dibenzofuran,1.0,,,
96-12-8,"1,2-Dibromo-3-chloropropane",0.1,,,
106-93-4,"1,2-Dibromoethane (Ethylene dibromide)",0.1,,,
124-73-2,"Dibromotetrafluoroethane (1,2-Dibromo-1,1,2,2-tetrafluoroethane)",1.0,,,
84-74-2,Dibutyl phthalate,1.0,,,
683-18-1,Dibutyltin dichloride,1.0,,,
1918-00-9,Dicamba,1.0,,,
99-30-9,Dichloran,1.0,,,
95-50-1,"1,2-Dichlorobenzene (o-Dichlorobenzene)",1.0,,,
541-73-1,"1,3-Dichlorobenzene (m-Dichlorobenzene)",1.0,,,
106-46-7,"1,4-Dichlorobenzene (p-Dichlorobenzene)",0.1,,,
25321-22-6,Dichlorobenzene (mixed isomers),0.1,,,
91-94-1,"3,3'-Dichlorobenzidine",0.1,,,
612-83-9,"3,3'-Dichlorobenzidine dihydrochloride",0.1,,,
64969-34-2,"3,3'-Dichlorobenzidine sulfate",0.1,,,
75-27-4,Dichlorobromomethane,0.1,,,
764-41-0,"1,4-Dichloro-2-butene",1.0,,,"Includes the following isomers: 
ź trans-1,4-Dichloro-2-butene (110-57-6)
ź cis-1,4-Dichloro-2-butene (1476-11-5)Ā"
110-57-6,"trans-1,4-Dichloro-2-butene",1.0,,,"Isomer of: 1,4-Dichloro-2-butene (cis/trans mixture) (764-41-0)"
1649-08-7,"1,2-Dichloro-1,1-difluoroethane (HCFC-132b)",1.0,,,
75-71-8,Dichlorodifluoromethane (CFC-12),1.0,,,
107-06-2,"1,2-Dichloroethane",0.1,,,
540-59-0,"1,2-Dichloroethylene",1.0,,,"Includes the following isomers:
ź cis-1,2-Dichloroethylene (156-59-2)Ā
ź trans-1,2-Dichloroethylene (156-60-5)Ā"
1717-00-6,"1,1-Dichloro-1-fluoroethane (HCFC-141b)",1.0,,,
75-43-4,Dichlorofluoromethane (HCFC-21),1.0,,,
75-09-2,Dichloromethane (Methylene chloride),0.1,,,
127564-92-5,Dichloropentafluoropropane,1.0,,,"Includes the following isomers: 
ź 1,2-Dichloro-1,1,2,3,3-pentafluoropropane (HCFC-225bb) (422-44-6)
ź 2,3-Dichloro-1,1,1,2,3-pentafluoropropane (HCFC-225ba) (422-48-0)
ź 3,3-Dichloro-1,1,1,2,2-pentafluoropropane (HCFC-225ca) (422-56-0)
ź 1,2-Dichloro-1,1,3,3,3-pentafluoropropane (HCFC-225da) (431-86-7)
ź 1,3-Dichloro-1,1,2,2,3-pentafluoropropane (HCFC-225cb) (507-55-1)
ź 1,1-Dichloro-1,2,2,3,3-pentafluoropropane (HCFC-225cc) (13474-88-9) 
ź 1,1-Dichloro-1,2,3,3,3-pentafluoropropane (HCFC-225eb) (111512-56-2)
ź 2,2-Dichloro-1,1,1,3,3-pentafluoropropane (HCFC-225aa) (128903-21-9)
ź 1,3-Dichloro-1,1,2,3,3-pentafluoropropane (HCFC-225ea) (136013-79-1) "
13474-88-9,"1,1-Dichloro-1,2,2,3,3-pentafluoropropane (HCFC-225cc)",1.0,,,Isomer of: Dichloropentafluoropropane (Positions of Cl and F unspecified) (127564-92-5)
111512-56-2,"1,1-Dichloro-1,2,3,3,3-pentafluoropropane (HCFC-225eb)",1.0,,,Isomer of: Dichloropentafluoropropane (Positions of Cl and F unspecified) (127564-92-5)
422-44-6,"1,2-Dichloro-1,1,2,3,3-pentafluoropropane (HCFC-225bb)",1.0,,,Isomer of: Dichloropentafluoropropane (Positions of Cl and F unspecified) (127564-92-5)
431-86-7,"1,2-Dichloro-1,1,3,3,3-pentafluoropropane (HCFC-225da)",1.0,,,Isomer of: Dichloropentafluoropropane (Positions of Cl and F unspecified) (127564-92-5)
507-55-1,"1,3-Dichloro-1,1,2,2,3-pentafluoropropane (HCFC-225cb)",1.0,,,Isomer of: Dichloropentafluoropropane (Positions of Cl and F unspecified) (127564-92-5)
136013-79-1,"1,3-Dichloro-1,1,2,3,3-pentafluoropropane (HCFC-225ea)",1.0,,,Isomer of: Dichloropentafluoropropane (Positions of Cl and F unspecified) (127564-92-5)
128903-21-9,"2,2-Dichloro-1,1,1,3,3-pentafluoropropane (HCFC-225aa)",1.0,,,Isomer of: Dichloropentafluoropropane (Positions of Cl and F unspecified) (127564-92-5)
422-48-0,"2,3-Dichloro-1,1,1,2,3-pentafluoropropane (HCFC-225ba)",1.0,,,Isomer of: Dichloropentafluoropropane (Positions of Cl and F unspecified) (127564-92-5)
422-56-0,"3,3-Dichloro-1,1,1,2,2-pentafluoropropane (HCFC-225ca)",1.0,,,Isomer of: Dichloropentafluoropropane (Positions of Cl and F unspecified) (127564-92-5)
97-23-4,Dichlorophene,1.0,,,
120-83-2,"2,4-Dichlorophenol",1.0,,,
78-87-5,"1,2-Dichloropropane",0.1,,,
96-23-1,"1,3-Dichloro-2-propanol ",,,,
10061-02-6,"trans-1,3-Dichloropropene",0.1,,,"Isomer of: 1,3-Dichloropropylene (cis/trans mixture) (542-75-6)"
78-88-6,"2,3-Dichloropropene",1.0,,,
542-75-6,"1,3-Dichloropropylene (1,3-Dichloropropene)",0.1,,,"Includes the following isomers:
ź cis-1,3-Dichloropropene (10061-01-5)Ā
ź trans-1,3-Dichloropropene (10061-02-6)"
76-14-2,Dichlorotetrafluoroethane (CFC-114),1.0,,,
34077-87-7,Dichlorotrifluoroethane,1.0,,,"Includes the following isomers: 
ź 2,2-Dichloro-1,1,1-trifluoroethane (HCFC-123) (306-83-2)
ź 1,2-Dichloro-1,1,2-trifluoroethane (HCFC-123a) (354-23-4)
ź 1,1-Dichloro-1,2,2-trifluoroethane (HCFC-123b) (812-04-4)
ź Dichloro-1,1,2-trifluoroethane (90454-18-5)"
90454-18-5,"Dichloro-1,1,2-trifluoroethane",1.0,,,Isomer of: Dichlorotrifluoroethane (Positions of Cl and F unspecified) (34077-87-7)
812-04-4,"1,1-Dichloro-1,2,2-trifluoroethane (HCFC-123b)",1.0,,,Isomer of: Dichlorotrifluoroethane (Positions of Cl and F unspecified) (34077-87-7)
354-23-4,"1,2-Dichloro-1,1,2-trifluoroethane (HCFC-123a)",1.0,,,Isomer of: Dichlorotrifluoroethane (Positions of Cl and F unspecified) (34077-87-7)
306-83-2,"2,2-Dichloro-1,1,1-trifluoroethane (HCFC-123)",1.0,,,Isomer of: Dichlorotrifluoroethane (Positions of Cl and F unspecified) (34077-87-7)
62-73-7,Dichlorvos,0.1,,,
51338-27-3,Diclofop methyl,1.0,,,
115-32-2,Dicofol,1.0,,,
77-73-6,Dicyclopentadiene,1.0,,,
1464-53-5,Diepoxybutane,0.1,,,
111-42-2,Diethanolamine,1.0,,,
38727-55-8,Diethatyl ethyl,1.0,,,
117-81-7,Di(2-ethylhexyl) phthalate,0.1,,,
64-67-5,Diethyl sulfate,0.1,,,
35367-38-5,Diflubenzuron,1.0,,,
101-90-6,Diglycidyl resorcinol ether,0.1,,,
94-58-6,Dihydrosafrole,0.1,,,
55290-64-7,Dimethipin,1.0,,,
60-51-5,Dimethoate,1.0,,,
119-90-4,"3,3'-Dimethoxybenzidine",0.1,,,
20325-40-0,"3,3'-Dimethoxybenzidine dihydrochloride",0.1,,,
111984-09-9,"3,3'-Dimethoxybenzidine monohydrochloride",0.1,,,
124-40-3,Dimethylamine,1.0,,,
2300-66-5,Dimethylamine dicamba,1.0,,,
60-11-7,4-Dimethylaminoazobenzene,0.1,,,
121-69-7,"N,N-Dimethylaniline",1.0,,,
119-93-7,"3,3'-Dimethylbenzidine",0.1,,,
612-82-8,"3,3'-Dimethylbenzidine dihydrochloride",0.1,,,
41766-75-0,"3,3'-Dimethylbenzidine dihydrofluoride",0.1,,,
79-44-7,Dimethylcarbamoyl chloride,0.1,,,
2524-03-0,Dimethyl chlorothiophosphate,1.0,,,
68-12-2,"N,N-Dimethylformamide",0.1,,,
57-14-7,"1,1-Dimethylhydrazine",0.1,,,
105-67-9,"2,4-Dimethylphenol",1.0,,,
131-11-3,Dimethyl phthalate,1.0,,,
77-78-1,Dimethyl sulfate,0.1,,,
99-65-0,m-Dinitrobenzene,1.0,,,
528-29-0,o-Dinitrobenzene,1.0,,,
100-25-4,p-Dinitrobenzene,1.0,,,
88-85-7,Dinitrobutyl phenol (Dinoseb),1.0,,,
534-52-1,"4,6-Dinitro-o-cresol",1.0,,,
51-28-5,"2,4-Dinitrophenol",1.0,,,
121-14-2,"2,4-Dinitrotoluene",0.1,,,
606-20-2,"2,6-Dinitrotoluene",0.1,,,Isomer of: Dinitrotoluene (mixed isomers) (25321-14-6)
25321-14-6,Dinitrotoluene (mixed isomers),1.0,,,"Includes the following isomers: 
ź 2,4-Dinitrotoluene (121-14-2)
ź 2,6-Dinitrotoluene (606-20-2)"
39300-45-3,Dinocap,1.0,,,
123-91-1,"1,4-Dioxane",0.1,,,
957-51-7,Diphenamid,1.0,,,
122-39-4,Diphenylamine,0.1,,,
122-66-7,"1,2-Diphenylhydrazine",0.1,,,
2164-07-0,Dipotassium endothall,1.0,,,
136-45-8,Dipropyl isocinchomeronate,1.0,,,
138-93-2,Disodium cyanodithioimidocarbonate,1.0,,,
94-11-1,"2,4-D isopropyl ester",0.1,,,
541-53-7,"2,4-Dithiobiuret (Dithiobiuret)",1.0,,,
330-54-1,Diuron,1.0,,,
2439-10-3,Dodine,1.0,,,
120-36-5,"2,4-DP (Dichlorprop)",0.1,,,
1320-18-9,"2,4-D propylene glycol butyl ether ester (2,4-D 2-butoxymethylethyl ester)",0.1,,,
2702-72-9,"2,4-D sodium salt",0.1,,,
106-89-8,Epichlorohydrin,0.1,,,
13194-48-4,Ethoprop,1.0,,,
110-80-5,2-Ethoxyethanol,1.0,,,
140-88-5,Ethyl acrylate,0.1,,,
100-41-4,Ethylbenzene,0.1,,,
541-41-3,Ethyl chloroformate,1.0,,,
759-94-4,S-Ethyl dipropylthiocarbamate,1.0,,,
74-85-1,Ethylene,1.0,,,
107-21-1,Ethylene glycol,1.0,,,
151-56-4,Ethyleneimine (Aziridine),0.1,,,
75-21-8,Ethylene oxide,0.1,,,
96-45-7,Ethylene thiourea,0.1,,,
75-34-3,"Ethylidene dichloride (1,1-Dichloroethane)",1.0,,,
52-85-7,Famphur,1.0,,,
60168-88-9,Fenarimol,1.0,,,
13356-08-6,Fenbutatin oxide,1.0,,,
66441-23-4,Fenoxaprop-ethyl,1.0,,,
72490-01-8,Fenoxycarb,1.0,,,
39515-41-8,Fenpropathrin,1.0,,,
55-38-9,Fenthion,1.0,,,
51630-58-1,Fenvalerate,1.0,,,
14484-64-1,Ferbam,1.0,,,
69806-50-4,Fluazifop-butyl,1.0,,,
2164-17-2,Fluometuron,1.0,,,
7782-41-4,Fluorine,1.0,,,
51-21-8,Fluorouracil (5-Fluorouracil),1.0,,,
69409-94-5,Fluvalinate,1.0,,,
133-07-3,Folpet,1.0,,,
72178-02-0,Fomesafen,1.0,,,
50-00-0,Formaldehyde,0.1,,,
75-12-7,Formamide,1.0,,,
64-18-6,Formic acid,1.0,,,
76-13-1,Freon 113 (CFC-113),1.0,,,
110-00-9,Furan,0.1,,,
556-52-5,Glycidol,0.1,,,
76-44-8,Heptachlor,*,,,
118-74-1,Hexachlorobenzene,*,,,
87-68-3,"Hexachloro-1,3-butadiene (Hexachlorobutadiene)",1.0,,,
319-84-6,alpha-Hexachlorocyclohexane,0.1,,,
77-47-4,Hexachlorocyclopentadiene,1.0,,,
67-72-1,Hexachloroethane,0.1,,,
1335-87-1,Hexachloronaphthalene,1.0,,,
70-30-4,Hexachlorophene,1.0,,,
1222-05-5,"1,3,4,6,7,8-Hexahydro-4,6,6,7,8,8-hexamethylcyclopenta[g]-2-benzopyran",*,,,
680-31-9,Hexamethylphosphoramide,0.1,,,
110-54-3,n-Hexane (Hexane),1.0,,,
51235-04-2,Hexazinone,1.0,,,
67485-29-4,Hydramethylnon,1.0,,,
302-01-2,Hydrazine,0.1,,,
10034-93-2,Hydrazine sulfate (1:1),0.1,,,
7647-01-0,"Hydrochloric acid (acid aerosols including mists, vapors, gas, fog, and other airborne forms of any particle size)",1.0,,,Chemical qualifier: Reportable only in an aerosol form as defined.
74-90-8,Hydrogen cyanide,1.0,,,
7664-39-3,Hydrogen fluoride (Hydrofluoric acid),1.0,,,
7783-06-4,Hydrogen sulfide,1.0,,,
123-31-9,Hydroquinone,1.0,,,
111-41-1,N-Hydroxyethylethylenediamine,1.0,,,
35554-44-0,Imazalil,1.0,,,
55406-53-6,3-Iodo-2-propynyl butylcarbamate,1.0,,,
13463-40-6,Iron pentacarbonyl,1.0,,,
78-84-2,Isobutyraldehyde,1.0,,,
465-73-6,Isodrin,*,,,
25311-71-1,Isofenphos,1.0,,,
78-79-5,Isoprene,0.1,,,
67-63-0,"Isopropyl alcohol (Isopropanol) (only persons who manufacture by the strong acid process are subject, no supplier notification)",1.0,,,
80-05-7,"4,4'-Isopropylidenediphenol",1.0,,,
120-58-1,Isosafrole,1.0,,,
77501-63-4,Lactofen,1.0,,,
7439-92-1,Lead,* See notes,,,
58-89-9,Lindane,0.1,,,
330-55-2,Linuron,1.0,,,
554-13-2,Lithium carbonate,1.0,,,
121-75-5,Malathion,0.1,,,
108-31-6,Maleic anhydride,1.0,,,
109-77-3,Malononitrile,1.0,,,
12427-38-2,Maneb,1.0,,,
7439-96-5,Manganese,1.0,,,
93-65-2,Mecoprop,0.1,,,
149-30-4,2-Mercaptobenzothiazole,0.1,,,
7439-97-6,Mercury,*,,,
150-50-5,Merphos,1.0,,,
126-98-7,Methacrylonitrile,1.0,,,
137-42-8,Metham sodium (Sodium methyldithiocarbamate),1.0,,,
67-56-1,Methanol,1.0,,,
20354-26-1,Methazole,1.0,,,
2032-65-7,Methiocarb,1.0,,,
94-74-6,Methoxone (MCPA),0.1,,,
3653-48-3,Methoxone sodium salt,0.1,,,
72-43-5,Methoxychlor,*,,,
109-86-4,2-Methoxyethanol,1.0,,,
96-33-3,Methyl acrylate,0.1,,,
1634-04-4,Methyl tert-butyl ether,1.0,,,
79-22-1,Methyl chlorocarbonate,1.0,,,
101-14-4,"4,4'-Methylenebis(2-chloroaniline)",0.1,,,
101-61-1,"4,4'-Methylenebis(N,N-dimethyl)benzenamine (4,4'-Methylenebis[N,N-dimethylaniline])",0.1,,,
74-95-3,Methylene bromide (Dibromomethane),1.0,,,
101-77-9,"4,4'-Methylenedianiline",0.1,,,
93-15-2,Methyleugenol,0.1,,,
60-34-4,Methyl hydrazine,1.0,,,
74-88-4,Methyl iodide,1.0,,,
108-10-1,Methyl isobutyl ketone,0.1,,,
624-83-9,Methyl isocyanate,1.0,,,
556-61-6,Methyl isothiocyanate,1.0,,,
75-86-5,2-Methyllactonitrile (Acetone cyanohydrin),1.0,,,
80-62-6,Methyl methacrylate,1.0,,,
924-42-5,N-Methylolacrylamide,0.1,,,
298-00-0,Methyl parathion,1.0,,,
109-06-8,2-Methylpyridine,1.0,,,
872-50-4,N-Methyl-2-pyrrolidone,1.0,,,
9006-42-2,Metiram,1.0,,,
21087-64-9,Metribuzin,1.0,,,
7786-34-7,Mevinphos,1.0,,,
90-94-8,Michleršs ketone,0.1,,,
2212-67-1,Molinate,1.0,,,
1313-27-5,Molybdenum trioxide,0.1,,,
76-15-3,Monochloropentafluoroethane (CFC-115),1.0,,,
150-68-5,Monuron,1.0,,,
505-60-2,Mustard gas,0.1,,,
88671-89-0,Myclobutanil,1.0,,,
142-59-6,Nabam,1.0,,,
300-76-5,Naled,1.0,,,
91-20-3,Naphthalene,0.1,,,
134-32-7,alpha-Naphthylamine (1-Naphthalenamine),0.1,,,
91-59-8,beta-Naphthylamine (2-Naphthalenamine),0.1,,,
7440-02-0,Nickel,0.1,,,
1929-82-4,Nitrapyrin,1.0,,,
7697-37-2,Nitric acid,1.0,,,
139-13-9,Nitrilotriacetic acid,0.1,,,
5064-31-3,Nitrilotriacetic acid trisodium salt,0.1,,,
100-01-6,p-Nitroaniline,1.0,,,
99-59-2,5-Nitro-o-anisidine (2-Methoxy-5-nitroaniline),1.0,,,
91-23-6,o-Nitroanisole,0.1,,,
98-95-3,Nitrobenzene,0.1,,,
92-93-3,4-Nitrobiphenyl,0.1,,,
1836-75-5,Nitrofen,0.1,,,
51-75-2,Nitrogen mustard (HN-2),0.1,,,
55-63-0,Nitroglycerin,1.0,,,
75-52-5,Nitromethane,0.1,,,
88-75-5,2-Nitrophenol (o-Nitrophenol),1.0,,,
100-02-7,4-Nitrophenol (p-Nitrophenol),1.0,,,
79-46-9,2-Nitropropane,0.1,,,
924-16-3,N-Nitrosodi-n-butylamine,0.1,,,
55-18-5,N-Nitrosodiethylamine,0.1,,,
62-75-9,N-Nitrosodimethylamine,0.1,,,
86-30-6,N-Nitrosodiphenylamine,1.0,,,
156-10-5,p-Nitrosodiphenylamine,1.0,,,
621-64-7,N-Nitrosodi-n-propylamine,0.1,,,
759-73-9,N-Nitroso-N-ethylurea,0.1,,,
684-93-5,N-Nitroso-N-methylurea,0.1,,,
4549-40-0,N-Nitrosomethylvinylamine,0.1,,,
59-89-2,N-Nitrosomorpholine,0.1,,,
16543-55-8,N-Nitrosonornicotine,0.1,,,
100-75-4,N-Nitrosopiperidine,0.1,,,
88-72-2,o-Nitrotoluene,0.1,,,
99-55-8,5-Nitro-o-toluidine (2-Methyl-5-nitroaniline),1.0,,,
27314-13-2,Norflurazon,1.0,,,
2234-13-1,Octachloronaphthalene,1.0,,,
29082-74-4,Octachlorostyrene,*,,,
19044-88-3,Oryzalin,1.0,,,
20816-12-0,Osmium tetroxide,1.0,,,
19666-30-9,Oxadiazon,1.0,,,
301-12-2,Oxydemeton-methyl,1.0,,,
42874-03-3,Oxyfluorfen,1.0,,,
10028-15-6,Ozone,1.0,,,
123-63-7,Paraldehyde,1.0,,,
1910-42-5,Paraquat dichloride,1.0,,,
56-38-2,Parathion,0.1,,,
1114-71-2,Pebulate,1.0,,,
40487-42-1,Pendimethalin,*,,,
608-93-5,Pentachlorobenzene,*,,,
76-01-7,Pentachloroethane,1.0,,,
87-86-5,Pentachlorophenol,0.1,,,
57-33-0,Pentobarbital sodium,1.0,,,
79-21-0,Peracetic acid,1.0,,,
594-42-3,Perchloromethyl mercaptan,1.0,,,
52645-53-1,Permethrin,1.0,,,
85-01-8,Phenanthrene,1.0,,,
108-95-2,Phenol,1.0,,,
77-09-8,"Phenolphthalein (3,3-Bis(4-hydroxyphenyl)phthalide)",0.1,,,
26002-80-2,Phenothrin,1.0,,,
95-54-5,"1,2-Phenylenediamine",0.1,,,
108-45-2,"1,3-Phenylenediamine",1.0,,,
106-50-3,p-Phenylenediamine,1.0,,,
615-28-1,"1,2-Phenylenediamine dihydrochloride",0.1,,,
624-18-0,"1,4-Phenylenediamine dihydrochloride",1.0,,,
90-43-7,2-Phenylphenol,1.0,,,
57-41-0,Phenytoin,0.1,,,
75-44-5,Phosgene,1.0,,,
7803-51-2,Phosphine,1.0,,,
12185-10-3,Phosphorus (yellow or white),1.0,,,Chemical qualifier: Reportable only in yellow or white form.
85-44-9,Phthalic anhydride,1.0,,,
1918-02-1,Picloram,1.0,,,
88-89-1,Picric acid,1.0,,,
51-03-6,Piperonyl butoxide,1.0,,,
29232-93-7,Pirimiphos-methyl,1.0,,,
1336-36-3,Polychlorinated biphenyls,*,,,
7758-01-2,Potassium bromate,0.1,,,
128-03-0,Potassium dimethyldithiocarbamate,1.0,,,
137-41-7,Potassium╩N-methyldithiocarbamate,1.0,,,
41198-08-7,Profenofos,1.0,,,
7287-19-6,Prometryn,1.0,,,
23950-58-5,Pronamide,1.0,,,
1918-16-7,Propachlor,1.0,,,
1120-71-4,"1,3-Propane sultone",0.1,,,
709-98-8,Propanil,1.0,,,
2312-35-8,Propargite,1.0,,,
107-19-7,Propargyl alcohol,1.0,,,
31218-83-4,Propetamphos,1.0,,,
60207-90-1,Propiconazole,1.0,,,
57-57-8,beta-Propiolactone,0.1,,,
123-38-6,Propionaldehyde,1.0,,,
114-26-1,Propoxur,1.0,,,
115-07-1,Propylene,1.0,,,
75-55-8,Propyleneimine,0.1,,,
75-56-9,Propylene oxide,0.1,,,
110-86-1,Pyridine,0.1,,,
91-22-5,Quinoline,0.1,,,
106-51-4,Quinone,1.0,,,
82-68-8,Quintozene (Pentachloronitrobenzene),1.0,,,
76578-14-8,Quizalofop-ethyl,1.0,,,
10453-86-8,Resmethrin,1.0,,,
81-07-2,"Saccharin (only persons who manufacture are subject, no supplier notification)",1.0,,,
94-59-7,Safrole,0.1,,,
7782-49-2,Selenium,1.0,,,
74051-80-2,Sethoxydim,1.0,,,
7440-22-4,Silver,1.0,,,
122-34-9,Simazine,1.0,,,
26628-22-8,Sodium azide,1.0,,,
1982-69-0,Sodium dicamba,1.0,,,
128-04-1,Sodium dimethyldithiocarbamate,1.0,,,
62-74-8,Sodium fluoroacetate,1.0,,,
7632-00-0,Sodium nitrite,1.0,,,
131-52-2,Sodium pentachlorophenate,0.1,,,
132-27-4,Sodium╩o-phenylphenoxide,0.1,,,
100-42-5,Styrene,0.1,,,
96-09-3,Styrene oxide,0.1,,,
7664-93-9,"Sulfuric acid (acid aerosols including mists, vapors, gas, fog, and other airborne forms of any particle size)",1.0,,,Chemical qualifier: Reportable only in aerosol form as defined.
2699-79-8,Sulfuryl fluoride,1.0,,,
35400-43-2,Sulprofos,1.0,,,
34014-18-1,Tebuthiuron,1.0,,,
3383-96-8,Temephos,1.0,,,
5902-51-2,Terbacil,1.0,,,
79-94-7,Tetrabromobisphenol A,*,,,
630-20-6,"1,1,1,2-Tetrachloroethane",0.1,,,
79-34-5,"1,1,2,2-Tetrachloroethane",0.1,,,
127-18-4,Tetrachloroethylene,0.1,,,
354-11-0,"1,1,1,2-Tetrachloro-2-fluoroethane (HCFC-121a)",1.0,,,
354-14-3,"1,1,2,2-Tetrachloro-1-fluoroethane (HCFC-121)",1.0,,,
961-11-5,Tetrachlorvinphos,0.1,,,
64-75-5,Tetracycline hydrochloride,1.0,,,
116-14-3,Tetrafluoroethylene (Tetrafluoroethene),0.1,,,
7696-12-0,Tetramethrin,1.0,,,
140-66-9,"p-(1,1,3,3-Tetramethylbutyl)phenol",1.0,,,
509-14-8,Tetranitromethane,0.1,,,
7440-28-0,Thallium,1.0,,,
148-79-8,Thiabendazole,1.0,,,
62-55-5,Thioacetamide,0.1,,,
28249-77-6,Thiobencarb,1.0,,,
139-65-1,"4,4'-Thiodianiline",0.1,,,
59669-26-0,Thiodicarb,1.0,,,
23564-06-9,Thiophanate-ethyl,1.0,,,
23564-05-8,Thiophanate-methyl,1.0,,,
79-19-6,Thiosemicarbazide,1.0,,,
62-56-6,Thiourea,0.1,,,
137-26-8,Thiram,1.0,,,
1314-20-1,Thorium dioxide,1.0,,,
7550-45-0,Titanium tetrachloride,1.0,,,
108-88-3,Toluene,1.0,,,
584-84-9,"Toluene-2,4-diisocyanate",0.1,,,Isomer of: Toluene diisocyanate (mixed isomers) (26471-62-5)
91-08-7,"Toluene-2,6-diisocyanate",0.1,,,Isomer of: Toluene diisocyanate (mixed isomers) (26471-62-5)
26471-62-5,Toluene diisocyanate (mixed isomers),0.1,,,"Includes the following isomers: 
ź Toluene-2,6-diisocyanate (91-08-7)
ź Toluene-2,4-diisocyanate (584-84-9)"
95-53-4,o-Toluidine,0.1,,,
636-21-5,o-Toluidine hydrochloride,0.1,,,
8001-35-2,Toxaphene,*,,,
43121-43-3,Triadimefon,1.0,,,
2303-17-5,Triallate,1.0,,,
68-76-8,Triaziquone,1.0,,,
101200-48-0,Tribenuron-methyl,1.0,,,
1983-10-4,Tributyltin fluoride,1.0,,,
2155-70-6,Tributyltin methacrylate,1.0,,,
78-48-8,"S,S,S-Tributyltrithiophosphate (Tribufos)",1.0,,,
52-68-6,Trichlorfon,1.0,,,
76-02-8,Trichloroacetyl chloride,1.0,,,
87-61-6,"1,2,3-Trichlorobenzene",1.0,,,
120-82-1,"1,2,4-Trichlorobenzene",1.0,,,
71-55-6,"1,1,1-Trichloroethane",0.1,,,
79-00-5,"1,1,2-Trichloroethane",1.0,,,
79-01-6,Trichloroethylene,0.1,,,
75-69-4,Trichlorofluoromethane (CFC-11),1.0,,,
95-95-4,"2,4,5-Trichlorophenol",1.0,,,
88-06-2,"2,4,6-Trichlorophenol",0.1,,,
96-18-4,"1,2,3-Trichloropropane",0.1,,,
57213-69-1,Triclopyr-triethylammonium salt,1.0,,,
121-44-8,Triethylamine,1.0,,,
1582-09-8,Trifluralin,*,,,
26644-46-2,Triforine,1.0,,,
2451-62-9,Triglycidyl isocyanurate,1.0,,,
95-63-6,"1,2,4-Trimethylbenzene",1.0,,,
2655-15-4,"2,3,5-Trimethylphenyl methylcarbamate",1.0,,,
639-58-7,Triphenyltin chloride,1.0,,,
76-87-9,Triphenyltin hydroxide,1.0,,,
115-96-8,Tris(2-chloroethyl) phosphate,1.0,,,
126-72-7,"Tris(2,3-dibromopropyl) phosphate",0.1,,,
13674-87-8,"Tris(1,3-dichloro-2-propyl) phosphate",1.0,,,
25155-23-1,Tris(dimethylphenol) phosphate,1.0,,,
72-57-1,Trypan blue,0.1,,,
51-79-6,Urethane,0.1,,,
7440-62-2,Vanadium (except when contained in an alloy),1.0,,,Chemical qualifier: Not reportable when contained in an alloy.
50471-44-8,Vinclozolin,1.0,,,
108-05-4,Vinyl acetate,0.1,,,
593-60-2,Vinyl bromide,0.1,,,
75-01-4,Vinyl chloride,0.1,,,
75-02-5,Vinyl fluoride,0.1,,,
75-35-4,"Vinylidene chloride (1,1-Dichloroethylene)",0.1,,,
108-38-3,m-Xylene,1.0,,,Isomer of: Xylene (mixed isomers) (1330-20-7)
95-47-6,o-Xylene,1.0,,,Isomer of: Xylene (mixed isomers) (1330-20-7)
106-42-3,p-Xylene,1.0,,,Isomer of: Xylene (mixed isomers) (1330-20-7)
1330-20-7,Xylene (mixed isomers),1.0,,,"Includes the following isomers: 
ź o-Xylene (95-47-6)
ź p-Xylene (106-42-3)
ź m-Xylene (108-38-3)"
87-62-7,"2,6-Xylidine",0.1,,,
7440-66-6,Zinc (fume or dust),1.0,,,Chemical qualifier: Reportable only in fume or dust form.
12122-67-7,Zineb,1.0,,,
N010,Antimony compounds,See notes,Includes any unique chemical substance that contains antimony as part of that chemicalšs infrastructure. ,,
N020,Arsenic compounds,See notes,Includes any unique chemical substance that contains arsenic as part of that chemicalšs infrastructure.,,
N040,Barium compounds (except for barium sulfate (CAS No. 7727-43-7)),1.0,Includes any unique chemical substance that contains barium as part of that chemicalšs infrastructure.,,
N050,Beryllium compounds,0.1,Includes any unique chemical substance that contains beryllium as part of that chemicalšs infrastructure.,,
N078,Cadmium compounds,0.1,Includes any unique chemical substance that contains cadmium as part of that chemicalšs infrastructure.,,
N084,Chlorophenols,0.1,Defined by chemical structure. Phenol with Clx and H(5-x) where x = 1 to 5,,
N090,"Chromium compounds (except for chromite ore mined in the Transvaal Region of South Africa and the unreacted ore component of the chromite ore processing residue (COPR). COPR is the solid waste remaining after aqueous extraction of oxidized chromite ore that has been combined with soda ash and kiln roasted at approximately 2,000 ĪF.)",See notes,Includes any unique chemical substance that contains chromium as part of that chemicalšs infrastructure.,,
N096,Cobalt compounds,See notes,Includes any unique chemical substance that contains cobalt as part of that chemicalšs infrastructure.,,
N100,"Copper compounds (this category does not include copper phthalocyanine compounds that are substituted with only hydrogen, and/or chlorine, and/or bromine.)",1.0,Includes any unique chemical substance that contains copper as part of that chemicalšs infrastructure.,,
N106,Cyanide compounds,1.0,"X+CN- where X+ = any group (except H+) where a formal dissociation can be made. For example, KCN or Ca(CN)2",,
N120,Diisocyanates (includes 20 specific compounds),1.0,"All members are listed below and marked as ""diisocyanate"" in column E",,
N125,Diisononyl phthalates (DINP),1.0,"This category includes branched alkyl di-esters of 1,2-benzenedicarboxylic acid in which alkyl ester moieties contain a total of nine carbons. This category includes but is not limited to the chemicals covered by the CAS numbers and names listed below and marked as ""DINP"" in column E",,
N150,Dioxin and dioxin-like compounds (Manufacturing; and the processing or otherwise use of dioxin and dioxin-like compounds if the dioxin and dioxin-like compounds are present as contaminants in a chemical and if they were created during the manufacturing of that chemical.) (includes 17 specific compounds),*,"All members are listed below and marked as ""dioxin"" in column E",,
N171,"Ethylenebisdithiocarbamic acid, salts and esters",1.0,Includes any unique chemical substance that contains an EBDC or an EBDC salt as part of that chemicalšs infrastructure. ,,
N230,Certain glycol ethers,1.0,"R - (OCH2CH2)n - ORš where: n = 1, 2, or 3; R = Alkyl C7 or less; or
R = phenyl or alkyl substituted phenyl; Rš = H or alkyl C7 or less; or
ORš consisting of carboxylic acid ester, sulfate, phosphate, nitrate, or sulfonate.",,
N270,Hexabromocyclododecane (includes 2 specific compounds),*,"All members are listed below and marked as ""HBCD"" in column E",,
N420,Lead compounds,*,Includes any unique chemical substance that contains lead as part of that chemicalšs infrastructure.,,
N450,Manganese compounds,1.0,Includes any unique chemical substance that contains manganese as part of that chemicalšs infrastructure.,,
N458,Mercury compounds,*,Includes any unique chemical substance that contains mercury as part of that chemicalšs infrastructure.,,
N495,Nickel compounds,0.1,Includes any unique chemical substance that contains nickel as part of that chemicalšs infrastructure.,,
N503,Nicotine and salts,1.0,Includes any unique chemical substance that contains nicotine or a nicotine salt as part of that chemicalšs infrastructure.,,
N511,Nitrate compounds (water dissociable; reportable only when in aqueous solution),1.0,,,Chemical qualifier: Reportable only when in aqueous solution.
N530,Nonylphenol (includes 6 specific compounds),1.0,"All members are listed below and marked as ""NP"" in column E",,
N535,Nonylphenol Ethoxylates (includes 13 specific compounds),1.0,"All members are listed below and marked as ""NPEs"" in column E",,
N575,Polybrominated biphenyls (PBBs),0.1,Defined by chemical structure. Biphenyl with Brx and H(10-x) where x = 1 to 10.,,
N583,Polychlorinated alkanes (C10╩to C13),See notes,CxH2x-y+2Cly; Where x = 10 to 13; y = 3 to 12; and where the average chlorine content ranges from 40-70% with the limiting molecular formulas C10H19Cl3 and C13H16Cl12,,
N590,Polycyclic aromatic compounds (PACs) (includes 25 specific compounds),*,"All members are listed below and marked as ""PAC"" in column E",,
N725,Selenium compounds,1.0,Includes any unique chemical substance that contains selenium as part of that chemicalšs infrastructure.,,
N740,Silver compounds,1.0,Includes any unique chemical substance that contains silver as part of that chemicalšs infrastructure.,,
N746,Strychnine and salts,1.0,Includes any unique chemical substance that contains strychnine or a strychnine salt as part of that chemicalšs infrastructure.,,
N760,Thallium compounds,1.0,Includes any unique chemical substance that contains thallium as part of that chemicalšs infrastructure.,,
N770,Vanadium compounds,1.0,Includes any unique chemical substance that contains vanadium as part of that chemical's infrastructure.,,
N874,Warfarin and salts,1.0,Includes any unique chemical substance that contains warfarin or a warfarin salt as part of that chemicalšs infrastructure.,,
N982,Zinc compounds,1.0,Includes any unique chemical substance that contains zinc as part of that chemicalšs infrastructure.,,
56-55-3,Benz[a]anthracene,*,,PAC,
205-99-2,Benzo[b]fluoranthene,*,,PAC,
205-82-3,Benzo[j]fluoranthene,*,,PAC,
207-08-9,Benzo[k]fluoranthene,*,,PAC,
206-44-0,"Benzo[j,k]fluorene (Fluoranthene)",*,,PAC,
189-55-9,"Benzo[r,s,t]pentaphene (Dibenzo[a,i]pyrene)",*,,PAC,
218-01-9,Benzo[a]phenanthrene (Chrysene),*,,PAC,
50-32-8,Benzo[a]pyrene,*,,PAC,
226-36-8,"Dibenz[a,h]acridine",*,,PAC,
224-42-0,"Dibenz[a,j]acridine",*,,PAC,
53-70-3,"Dibenzo[a,h]anthracene (Dibenz[a,h]anthracene)",*,,PAC,
194-59-2,"7H-Dibenzo[c,g]carbazole",*,,PAC,
5385-75-1,"Dibenzo[a,e]fluoranthene",*,,PAC,
192-65-4,"Dibenzo[a,e]pyrene",*,,PAC,
189-64-0,"Dibenzo[a,h]pyrene",*,,PAC,
191-30-0,"Dibenzo[a,l]pyrene",*,,PAC,
57-97-6,"7,12-Dimethylbenz[a]anthracene",*,,PAC,
42397-64-8,"1,6-Dinitropyrene",*,,PAC,
42397-65-9,"1,8-Dinitropyrene",*,,PAC,
193-39-5,"Indeno[1,2,3-cd]pyrene",*,,PAC,
56-49-5,3-Methylcholanthrene,*,,PAC,
3697-24-3,5-Methylchrysene,*,,PAC,
7496-02-8,6-Nitrochrysene,*,,PAC,
5522-43-0,1-Nitropyrene,*,,PAC,
57835-92-4,4-Nitropyrene,*,,PAC,
38661-72-2,"1,3-Bis(methylisocyanate)cyclohexane",1.0,,Diisocyanate,
10347-54-3,"1,4-Bis(methylisocyanate)cyclohexane (1,4-Bis(isocyanatomethyl)cyclohexane)",1.0,,Diisocyanate,
2556-36-7,"1,4-Cyclohexane diisocyanate",1.0,,Diisocyanate,
134190-37-7,Diethyldiisocyanatobenzene,1.0,,Diisocyanate,
4128-73-8,"4,4'-Diisocyanatodiphenyl ether",1.0,,Diisocyanate,
75790-87-3,"2,4'-Diisocyanatodiphenyl sulfide",1.0,,Diisocyanate,
91-93-0,"3,3'-Dimethoxybenzidine-4,4'-diisocyanate",1.0,,Diisocyanate,
91-97-4,"3,3'-Dimethyl-4,4'-diphenylene diisocyanate",1.0,,Diisocyanate,
139-25-3,"3,3'-Dimethyldiphenylmethane-4,4'-diisocyanate",1.0,,Diisocyanate,
822-06-0,"Hexamethylene-1,6-diisocyanate",1.0,,Diisocyanate,
4098-71-9,Isophorone diisocyanate,1.0,,Diisocyanate,
75790-84-0,"4-Methyldiphenylmethane-3,4-diisocyanate",1.0,,Diisocyanate,
5124-30-1,"1,1-Methylenebis(4-isocyanatocyclohexane)",1.0,,Diisocyanate,
101-68-8,"4,4'-Methylenedi(phenyl isocyanate)",1.0,,Diisocyanate,
3173-72-6,"1,5-Naphthalene diisocyanate",1.0,,Diisocyanate,
123-61-5,"1,3-Phenylene diisocyanate",1.0,,Diisocyanate,
104-49-4,"1,4-Phenylene diisocyanate",1.0,,Diisocyanate,
9016-87-9,Polymeric diphenylmethane diisocyanate,1.0,,Diisocyanate,
16938-22-0,"2,2,4-Trimethylhexamethylene diisocyanate",1.0,,Diisocyanate,
15646-96-5,"2,4,4-Trimethylhexamethylene diisocyanate",1.0,,Diisocyanate,
111983-10-9,"Bis(3-ethylheptan-2-yl) benzene-1,2- dicarboxylate ",1.0,,DINP,
20548-62-3,Bis(7-methyloctyl) phthalate ,1.0,,DINP,
14103-61-8,"Bis(3,5,5-trimethylhexyl) phthalate ",1.0,,DINP,
71549-78-5,Branched dinonyl phthalate ,1.0,,DINP,
68515-48-0,"Di(C8ą10, C9 rich) branched alkyl phthalates ",1.0,,DINP,
28553-12-0,Diisononyl phthalate ,1.0,,DINP,
1746-01-6,"2,3,7,8-Tetrachlorodibenzo-p-dioxin",*,,Dioxin,
40321-76-4,"1,2,3,7,8-Pentachlorodibenzo-p-dioxin",*,,Dioxin,
39227-28-6,"1,2,3,4,7,8-Hexachlorodibenzo-p-dioxin",*,,Dioxin,
57653-85-7,"1,2,3,6,7,8-Hexachlorodibenzo-p-dioxin",*,,Dioxin,
19408-74-3,"1,2,3,7,8,9-Hexachlorodibenzo-p-dioxin",*,,Dioxin,
35822-46-9,"1,2,3,4,6,7,8-Heptachlorodibenzo-p-dioxin",*,,Dioxin,
3268-87-9,"1,2,3,4,6,7,8,9-Octachlorodibenzo-p-dioxin",*,,Dioxin,
51207-31-9,"2,3,7,8-Tetrachlorodibenzofuran",*,,Dioxin,
57117-41-6,"1,2,3,7,8-Pentachlorodibenzofuran",*,,Dioxin,
57117-31-4,"2,3,4,7,8-Pentachlorodibenzofuran",*,,Dioxin,
70648-26-9,"1,2,3,4,7,8-Hexachlorodibenzofuran",*,,Dioxin,
57117-44-9,"1,2,3,6,7,8-Hexachlorodibenzofuran",*,,Dioxin,
72918-21-9,"1,2,3,7,8,9-Hexachlorodibenzofuran",*,,Dioxin,
60851-34-5,"2,3,4,6,7,8-Hexachlorodibenzofuran",*,,Dioxin,
67562-39-4,"1,2,3,4,6,7,8-Heptachlorodibenzofuran",*,,Dioxin,
55673-89-7,"1,2,3,4,7,8,9-Heptachlorodibenzofuran",*,,Dioxin,
39001-02-0,"1,2,3,4,6,7,8,9-Octachlorodibenzofuran",*,,Dioxin,
104-40-5,4-Nonylphenol (p-Nonylphenol),1.0,,NP,
11066-49-2,Isononylphenol,1.0,,NP,
25154-52-3,Nonylphenol,1.0,,NP,
26543-97-5,4-Isononylphenol,1.0,,NP,
84852-15-3,"4-Nonylphenol, branched (Branched╩p-nonylphenol)",1.0,,NP,
90481-04-2,"Nonylphenol, branched",1.0,,NP,
7311-27-5,"Ethanol, 2-[2-[2-[2-(4-nonylphenoxy)ethoxy]ethoxy]ethoxy]-",1.0,,NPEs,
9016-45-9,"Poly(oxy-1,2-ethanediyl), _-(nonylphenyl)-_-hydroxy- (Polyethylene glycol nonylphenyl ether)",1.0,,NPEs,
20427-84-3,"Ethanol, 2-[2-(4-nonylphenoxy)ethoxy]- (2-[2-(4-Nonylphenoxy)ethoxy]ethanol)",1.0,,NPEs,
26027-38-3,"Poly(oxy-1,2-ethanediyl), _-(4-nonylphenyl)-_-hydroxy- (p-Nonylphenol polyethylene glycol ether)",1.0,,NPEs,
26571-11-9,"3,6,9,12,15,18,21,24-Octaoxahexacosan-1-ol, 26-(nonylphenoxy)-",1.0,,NPEs,
27176-93-8,"Ethanol, 2-[2-(nonylphenoxy)ethoxy]- (Diethylene glycol nonylphenol ether)",1.0,,NPEs,
27177-05-5,"3,6,9,12,15,18,21-Heptaoxatricosan-1-ol, 23-(nonylphenoxy)-",1.0,,NPEs,
27177-08-8,"3,6,9,12,15,18,21,24,27-Nonaoxanonacosan-1-ol, 29-(nonylphenoxy)-",1.0,,NPEs,
27986-36-3,"Ethanol, 2-(nonylphenoxy)- (2-(Nonylphenoxy)ethanol)",1.0,,NPEs,
37205-87-1,"Poly(oxy-1,2-ethanediyl), _-(isononylphenyl)-_-hydroxy-",1.0,,NPEs,
51938-25-1,"Poly(oxy-1,2-ethanediyl), _ (2-nonylphenyl)-_-hydroxy-",1.0,,NPEs,
68412-54-4,"Poly(oxy-1,2-ethanediyl), _-(nonylphenyl)-_-hydroxy-, branched (Polyethylene glycol mono(branched nonylphenyl) ether)",1.0,,NPEs,
127087-87-0,"Poly(oxy-1,2-ethanediyl), _-(4-nonylphenyl)-_-hydroxy-, branched (Polyethylene glycol mono(branched╩p-nonylphenyl) ether)",1.0,,NPEs,
3194-55-6,"1,2,5,6,9,10-Hexabromocyclododecane",*,,HBCD,
25637-99-4,Hexabromocyclododecane,*,,HBCD,
,,,,,
,,,,,
,,,,,
,,,,,
,,,,,
,,,,,
,,,,,
,,,,,
,,,,,
,,,,,
,,,,,